<?xml version = '1.0' encoding = 'UTF-8'?>
<FKIndexAssociation class="oracle.dbtools.crest.model.design.relational.FKIndexAssociation" directorySegmentName="seg_0" id="7D83DB79-7C47-2207-9544-AE8AD790316D" containerWithKeyObject="50CD39D3-4CC5-529F-BB5E-6E6FFFEA8589" localFKIndex="1D290C94-C9E0-A72A-342D-0F6EF27BBE95" name="Detalii_Client_Client_FK">
<createdBy>ASUS</createdBy>
<createdTime>2024-11-10 18:58:53 UTC</createdTime>
<generatorID>922F5909-A485-ECDC-09CB-CF930E7973E6</generatorID>
<ownerDesignName>BD-P3</ownerDesignName>
<referredTableLongName>Client</referredTableLongName>
<deleteRule>NO ACTION</deleteRule>
<referredTableID>1F375463-E08B-079C-A83E-5C5F104F3667</referredTableID>
<keyObject>3D5361B7-E975-F9DF-9260-3549488965D8</keyObject>
<referredKeyID>3D5361B7-E975-F9DF-9260-3549488965D8</referredKeyID>
<mandatory>true</mandatory>
<refColNames>ID_CLIENT</refColNames>
<transferable>true</transferable>
<rely>false</rely>
<columnDependencyConstraintGenerateInDDL>true</columnDependencyConstraintGenerateInDDL>
</FKIndexAssociation>