<?xml version = '1.0' encoding = 'UTF-8'?>
<FKIndexAssociation class="oracle.dbtools.crest.model.design.relational.FKIndexAssociation" directorySegmentName="seg_0" id="BA458054-B135-05BF-479F-F07A687168C3" containerWithKeyObject="6A67E9DD-F6B9-03E8-2B43-A885096027E9" localFKIndex="33DA4627-4984-0757-341D-6B1AC379A467" name="Masina_Client_FK">
<createdBy>ASUS</createdBy>
<createdTime>2024-11-10 18:47:15 UTC</createdTime>
<generatorID>269103D9-0B91-BC17-E9C1-A52144555E99</generatorID>
<ownerDesignName>BD-P3</ownerDesignName>
<referredTableLongName>Client</referredTableLongName>
<deleteRule>NO ACTION</deleteRule>
<referredTableID>1F375463-E08B-079C-A83E-5C5F104F3667</referredTableID>
<keyObject>3D5361B7-E975-F9DF-9260-3549488965D8</keyObject>
<referredKeyID>3D5361B7-E975-F9DF-9260-3549488965D8</referredKeyID>
<mandatory>true</mandatory>
<refColNames>ID_CLIENT</refColNames>
<transferable>true</transferable>
<rely>false</rely>
<columnDependencyConstraintGenerateInDDL>true</columnDependencyConstraintGenerateInDDL>
</FKIndexAssociation>