<?xml version = '1.0' encoding = 'UTF-8'?>
<Entity class="oracle.dbtools.crest.model.design.logical.Entity" directorySegmentName="seg_0" id="489C25AD-3206-24B2-946B-84A13BB0207B" name="Mecanic">
<createdBy>ASUS</createdBy>
<createdTime>2024-10-27 15:33:01 UTC</createdTime>
<ownerDesignName>Proiect BDP-2</ownerDesignName>
<engineerTo>
<item key="3358DBAE-B428-37CF-75BF-2FE1BBEC4C02" value="true"/>
</engineerTo>
<adequatelyNormalized>NO</adequatelyNormalized>
<expectedVolumes>0</expectedVolumes>
<fwdEngineeringStrategyName>Single Table</fwdEngineeringStrategyName>
<growthPercent>0</growthPercent>
<growthType>Year</growthType>
<maxVolumes>9999999</maxVolumes>
<minVolumes>0</minVolumes>
<normalForm>Third</normalForm>
<attributes itemClass="oracle.dbtools.crest.model.design.logical.Attribute">
<Attribute name="ID_MECANIC" id="C17E9FB1-2155-5E8C-7C78-4407CC8001BE">
<createdBy>ASUS</createdBy>
<createdTime>2024-10-27 15:33:06 UTC</createdTime>
<ownerDesignName>Proiect BDP-2</ownerDesignName>
<engineerTo>
<item key="3358DBAE-B428-37CF-75BF-2FE1BBEC4C02" value="true"/>
</engineerTo>
<useDomainConstraints>false</useDomainConstraints>
<use>1</use>
<logicalDatatype>LOGDT019</logicalDatatype>
<dataTypePrecision>2</dataTypePrecision>
<ownDataTypeParameters>,2,</ownDataTypeParameters>
</Attribute>
<Attribute name="Rating_Mecanic" id="55B11A1C-45B8-1233-3A0F-87C0DBEE2025">
<createdBy>ASUS</createdBy>
<createdTime>2024-10-27 15:33:23 UTC</createdTime>
<ownerDesignName>Proiect BDP-2</ownerDesignName>
<engineerTo>
<item key="3358DBAE-B428-37CF-75BF-2FE1BBEC4C02" value="true"/>
</engineerTo>
<nullsAllowed>true</nullsAllowed>
<useDomainConstraints>false</useDomainConstraints>
<use>1</use>
<logicalDatatype>LOGDT019</logicalDatatype>
<dataTypePrecision>2</dataTypePrecision>
<ownDataTypeParameters>,2,</ownDataTypeParameters>
<listOfRanges>
<rangeDef class="oracle.dbtools.crest.model.design.constraint.AVT">
<beginValue>1</beginValue>
<endValue>10</endValue>
<description>Rating mecanic</description>
</rangeDef>
</listOfRanges>
</Attribute>
</attributes>
<identifiers itemClass="oracle.dbtools.crest.model.design.logical.CandidateKey">
<identifier id="CC704CE3-C939-C257-EE71-C48D66754614" name="Mecanic PK">
<createdBy>ASUS</createdBy>
<createdTime>2024-10-27 15:33:15 UTC</createdTime>
<ownerDesignName>Proiect BDP-2</ownerDesignName>
<engineerTo>
<item key="3358DBAE-B428-37CF-75BF-2FE1BBEC4C02" value="true"/>
</engineerTo>
<pk>true</pk>
<usedAttributes>
<attributeRef>C17E9FB1-2155-5E8C-7C78-4407CC8001BE</attributeRef>
</usedAttributes>
</identifier>
</identifiers>
</Entity>