<?xml version = '1.0' encoding = 'UTF-8'?>
<Entity class="oracle.dbtools.crest.model.design.logical.Entity" directorySegmentName="seg_0" id="5B1848AB-64C8-4709-CC66-F58DB5E1DC5A" name="Client">
<createdBy>ASUS</createdBy>
<createdTime>2024-10-27 15:24:51 UTC</createdTime>
<ownerDesignName>Proiect BDP-2</ownerDesignName>
<engineerTo>
<item key="3358DBAE-B428-37CF-75BF-2FE1BBEC4C02" value="true"/>
</engineerTo>
<adequatelyNormalized>NO</adequatelyNormalized>
<expectedVolumes>0</expectedVolumes>
<fwdEngineeringStrategyName>Single Table</fwdEngineeringStrategyName>
<growthPercent>0</growthPercent>
<growthType>Year</growthType>
<maxVolumes>9999999</maxVolumes>
<minVolumes>0</minVolumes>
<normalForm>Third</normalForm>
<attributes itemClass="oracle.dbtools.crest.model.design.logical.Attribute">
<Attribute name="ID_CLIENT" id="A8F565F7-FF66-96CB-ED50-067DD52EBEBE">
<createdBy>ASUS</createdBy>
<createdTime>2024-10-27 15:24:56 UTC</createdTime>
<ownerDesignName>Proiect BDP-2</ownerDesignName>
<engineerTo>
<item key="3358DBAE-B428-37CF-75BF-2FE1BBEC4C02" value="true"/>
</engineerTo>
<useDomainConstraints>false</useDomainConstraints>
<use>1</use>
<logicalDatatype>LOGDT019</logicalDatatype>
<dataTypePrecision>4</dataTypePrecision>
<ownDataTypeParameters>,4,</ownDataTypeParameters>
</Attribute>
<Attribute name="Nume_Client" id="F5C29A23-D913-1AE2-EAFC-CF8CCE07F10B">
<createdBy>ASUS</createdBy>
<createdTime>2024-10-27 15:25:10 UTC</createdTime>
<ownerDesignName>Proiect BDP-2</ownerDesignName>
<engineerTo>
<item key="3358DBAE-B428-37CF-75BF-2FE1BBEC4C02" value="true"/>
</engineerTo>
<useDomainConstraints>false</useDomainConstraints>
<use>1</use>
<logicalDatatype>LOGDT024</logicalDatatype>
<dataTypeSize>50</dataTypeSize>
<ownDataTypeParameters>50,,</ownDataTypeParameters>
</Attribute>
<Attribute name="Grad_Satisfactie_Client" id="67C02B92-9F6D-C48E-820F-5CC8C0E7268C">
<createdBy>ASUS</createdBy>
<createdTime>2024-10-27 15:25:35 UTC</createdTime>
<ownerDesignName>Proiect BDP-2</ownerDesignName>
<engineerTo>
<item key="3358DBAE-B428-37CF-75BF-2FE1BBEC4C02" value="true"/>
</engineerTo>
<nullsAllowed>true</nullsAllowed>
<useDomainConstraints>false</useDomainConstraints>
<use>1</use>
<logicalDatatype>LOGDT019</logicalDatatype>
<dataTypePrecision>2</dataTypePrecision>
<ownDataTypeParameters>,2,</ownDataTypeParameters>
<listOfRanges>
<rangeDef class="oracle.dbtools.crest.model.design.constraint.AVT">
<beginValue>1</beginValue>
<endValue>10</endValue>
<description>Grad de satisfactie</description>
</rangeDef>
</listOfRanges>
</Attribute>
</attributes>
<identifiers itemClass="oracle.dbtools.crest.model.design.logical.CandidateKey">
<identifier id="829A3282-D17B-D673-FE07-E088F1C40D1F" name="Client PK">
<createdBy>ASUS</createdBy>
<createdTime>2024-10-27 15:25:08 UTC</createdTime>
<ownerDesignName>Proiect BDP-2</ownerDesignName>
<engineerTo>
<item key="3358DBAE-B428-37CF-75BF-2FE1BBEC4C02" value="true"/>
</engineerTo>
<pk>true</pk>
<usedAttributes>
<attributeRef>A8F565F7-FF66-96CB-ED50-067DD52EBEBE</attributeRef>
</usedAttributes>
</identifier>
</identifiers>
</Entity>