<?xml version = '1.0' encoding = 'UTF-8'?>
<Diagram class="oracle.dbtools.crest.swingui.relational.DPVRelational" name="Relational_1" id="E178E3AD-4CA7-53D3-06A1-2682E59E271B">
<createdBy>ASUS</createdBy>
<modifiedBy>ASUS</modifiedBy>
<createdTime>2024-10-27 15:33:57 UTC</createdTime>
<autoRoute>false</autoRoute>
<boxInbox>true</boxInbox>
<showLegend>false</showLegend>
<showLabels>false</showLabels>
<showRelAttributes>false</showRelAttributes>
<gridEnabled>false</gridEnabled>
<showGrid>false</showGrid>
<diagramColor>-1</diagramColor>
<display>false</display>
<notation>1</notation>
<objectViews>
<OView class="oracle.dbtools.crest.swingui.relational.TVTable" oid="1F375463-E08B-079C-A83E-5C5F104F3667" otype="Table" vid="3EB66EE0-CECD-A6F4-E4DD-256C3F2FC5F3">
<hideElementsInCurrentOnly>false</hideElementsInCurrentOnly>
<bounds x="45" y="19" width="182" height="141"/>
</OView>
<OView class="oracle.dbtools.crest.swingui.relational.TVTable" oid="48F86715-29C7-5D6A-A915-C1446A929874" otype="Table" vid="86BAF013-94A2-8228-0DEF-66AFDD4A8620">
<hideElementsInCurrentOnly>false</hideElementsInCurrentOnly>
<bounds x="50" y="378" width="154" height="125"/>
</OView>
<OView class="oracle.dbtools.crest.swingui.relational.TVTable" oid="6A67E9DD-F6B9-03E8-2B43-A885096027E9" otype="Table" vid="821608B0-4994-2400-D2F4-DB99C1205560">
<hideElementsInCurrentOnly>false</hideElementsInCurrentOnly>
<bounds x="342" y="20" width="179" height="132"/>
</OView>
<OView class="oracle.dbtools.crest.swingui.relational.TVTable" oid="753F4E01-32F1-B537-70D7-2E79E59B5268" otype="Table" vid="E5F57412-B486-AC3C-73C4-5B3B20D8B4AD">
<hideElementsInCurrentOnly>false</hideElementsInCurrentOnly>
<bounds x="207" y="213" width="180" height="122"/>
</OView>
<OView class="oracle.dbtools.crest.swingui.relational.TVTable" oid="8EFC732E-FC06-7E96-5263-91A2EC8D7D0D" otype="Table" vid="34355C99-C045-27EF-5689-117B50E53522">
<hideElementsInCurrentOnly>false</hideElementsInCurrentOnly>
<bounds x="365" y="387" width="168" height="124"/>
</OView>
</objectViews>
</Diagram>