<?xml version = '1.0' encoding = 'UTF-8'?>
<Diagram class="oracle.dbtools.crest.swingui.logical.DPVLogical" name="Logical" id="427653C8-964B-DDAA-DEBE-CF1182673FB1">
<createdBy>ASUS</createdBy>
<modifiedBy>ASUS</modifiedBy>
<createdTime>2024-10-27 15:24:51 UTC</createdTime>
<autoRoute>false</autoRoute>
<boxInbox>true</boxInbox>
<showLegend>false</showLegend>
<showLabels>true</showLabels>
<showRelAttributes>false</showRelAttributes>
<gridEnabled>false</gridEnabled>
<showGrid>false</showGrid>
<diagramColor>-1</diagramColor>
<display>false</display>
<notation>1</notation>
<objectViews>
<OView class="oracle.dbtools.crest.swingui.logical.TVEntity" oid="2A5E437B-F3C3-5A08-8714-EDFCA7DCFCD2" otype="Entity" vid="35B74E2F-BE0A-9A37-8131-880547D68243">
<hideElementsInCurrentOnly>false</hideElementsInCurrentOnly>
<bounds x="876" y="63" width="257" height="192"/>
</OView>
<OView class="oracle.dbtools.crest.swingui.logical.TVEntity" oid="489C25AD-3206-24B2-946B-84A13BB0207B" otype="Entity" vid="E48F99B3-4BDF-F2FA-293F-46618A731086">
<hideElementsInCurrentOnly>false</hideElementsInCurrentOnly>
<bounds x="879" y="329" width="239" height="199"/>
</OView>
<OView class="oracle.dbtools.crest.swingui.logical.TVEntity" oid="5B1848AB-64C8-4709-CC66-F58DB5E1DC5A" otype="Entity" vid="BF87BFE9-5971-77F5-9C77-A432BA9C3D60">
<hideElementsInCurrentOnly>false</hideElementsInCurrentOnly>
<bounds x="96" y="49" width="266" height="211"/>
</OView>
<OView class="oracle.dbtools.crest.swingui.logical.TVEntity" oid="5EE87ADA-33F7-8B76-0A52-5E1689B2BBBC" otype="Entity" vid="60F0777B-9C89-207A-B463-F0E2D805DC21">
<hideElementsInCurrentOnly>false</hideElementsInCurrentOnly>
<bounds x="463" y="51" width="270" height="204"/>
</OView>
<OView class="oracle.dbtools.crest.swingui.logical.TVEntity" oid="A79F944D-C44F-E658-9ADE-10B84B8E4301" otype="Entity" vid="C67C3A84-0DAC-5A4A-413B-EDDC94E1D77B">
<hideElementsInCurrentOnly>false</hideElementsInCurrentOnly>
<bounds x="95" y="319" width="272" height="206"/>
</OView>
<OView class="oracle.dbtools.crest.swingui.logical.TVEntity" oid="B3AF257E-55D8-C289-CC43-5CBF06F051A0" otype="Entity" vid="36180CDD-6630-FE38-213C-7E798D4AB26B">
<hideElementsInCurrentOnly>false</hideElementsInCurrentOnly>
<bounds x="456" y="330" width="288" height="199"/>
</OView>
</objectViews>
<connectors>
<Connector class="oracle.dbtools.crest.swingui.logical.TVRelation" oid="2626B428-EEA4-D140-60EE-1DE790E1E37B" otype="Relation" vid_source="60F0777B-9C89-207A-B463-F0E2D805DC21" vid_target="E48F99B3-4BDF-F2FA-293F-46618A731086">
<hideElementsInCurrentOnly>false</hideElementsInCurrentOnly>
<backgroundColor>-16777216</backgroundColor>
<lineWidth>1</lineWidth>
<sourceLabel class="oracle.dbtools.crest.model.design.Label">
<site>0</site>
<labelBounds x="743" y="245" width="91" height="30"/>
<noBackgroundColor>true</noBackgroundColor>
<noForegroundColor>true</noForegroundColor>
</sourceLabel>
<targetLabel class="oracle.dbtools.crest.model.design.Label">
<site>2</site>
<labelBounds x="828" y="346" width="45" height="30"/>
<noBackgroundColor>true</noBackgroundColor>
<noForegroundColor>true</noForegroundColor>
</targetLabel>
<points>
<point x="733" y="245"/>
<point x="879" y="346"/>
</points>
</Connector>
<Connector class="oracle.dbtools.crest.swingui.logical.TVRelation" oid="269103D9-0B91-BC17-E9C1-A52144555E99" otype="Relation" vid_source="BF87BFE9-5971-77F5-9C77-A432BA9C3D60" vid_target="60F0777B-9C89-207A-B463-F0E2D805DC21">
<hideElementsInCurrentOnly>false</hideElementsInCurrentOnly>
<backgroundColor>-16777216</backgroundColor>
<lineWidth>1</lineWidth>
<sourceLabel class="oracle.dbtools.crest.model.design.Label">
<site>0</site>
<labelBounds x="372" y="153" width="30" height="30"/>
<noBackgroundColor>true</noBackgroundColor>
<noForegroundColor>true</noForegroundColor>
</sourceLabel>
<targetLabel class="oracle.dbtools.crest.model.design.Label">
<site>2</site>
<labelBounds x="366" y="119" width="91" height="30"/>
<noBackgroundColor>true</noBackgroundColor>
<noForegroundColor>true</noForegroundColor>
</targetLabel>
<points>
<point x="362" y="153"/>
<point x="463" y="119"/>
</points>
</Connector>
<Connector class="oracle.dbtools.crest.swingui.logical.TVRelation" oid="5E4B2D3A-BEE5-B5F5-0365-8905D1E755ED" otype="Relation" vid_source="60F0777B-9C89-207A-B463-F0E2D805DC21" vid_target="36180CDD-6630-FE38-213C-7E798D4AB26B">
<hideElementsInCurrentOnly>false</hideElementsInCurrentOnly>
<backgroundColor>-16777216</backgroundColor>
<lineWidth>1</lineWidth>
<sourceLabel class="oracle.dbtools.crest.model.design.Label">
<site>0</site>
<labelBounds x="598" y="291" width="30" height="30"/>
<noBackgroundColor>true</noBackgroundColor>
<noForegroundColor>true</noForegroundColor>
</sourceLabel>
<targetLabel class="oracle.dbtools.crest.model.design.Label">
<site>2</site>
<labelBounds x="587" y="294" width="43" height="30"/>
<noBackgroundColor>true</noBackgroundColor>
<noForegroundColor>true</noForegroundColor>
</targetLabel>
<points>
<point x="598" y="255"/>
<point x="587" y="330"/>
</points>
</Connector>
<Connector class="oracle.dbtools.crest.swingui.logical.TVRelation" oid="86556A98-C536-60F2-EA08-709CFC65F37A" otype="Relation" vid_source="60F0777B-9C89-207A-B463-F0E2D805DC21" vid_target="35B74E2F-BE0A-9A37-8131-880547D68243">
<hideElementsInCurrentOnly>false</hideElementsInCurrentOnly>
<backgroundColor>-16777216</backgroundColor>
<lineWidth>1</lineWidth>
<sourceLabel class="oracle.dbtools.crest.model.design.Label">
<site>0</site>
<labelBounds x="743" y="129" width="30" height="30"/>
<noBackgroundColor>true</noBackgroundColor>
<noForegroundColor>true</noForegroundColor>
</sourceLabel>
<targetLabel class="oracle.dbtools.crest.model.design.Label">
<site>2</site>
<labelBounds x="822" y="162" width="48" height="30"/>
<noBackgroundColor>true</noBackgroundColor>
<noForegroundColor>true</noForegroundColor>
</targetLabel>
<points>
<point x="733" y="159"/>
<point x="876" y="159"/>
</points>
</Connector>
<Connector class="oracle.dbtools.crest.swingui.logical.TVRelation" oid="922F5909-A485-ECDC-09CB-CF930E7973E6" otype="Relation" vid_source="BF87BFE9-5971-77F5-9C77-A432BA9C3D60" vid_target="C67C3A84-0DAC-5A4A-413B-EDDC94E1D77B">
<hideElementsInCurrentOnly>false</hideElementsInCurrentOnly>
<backgroundColor>-16777216</backgroundColor>
<lineWidth>1</lineWidth>
<sourceLabel class="oracle.dbtools.crest.model.design.Label">
<site>0</site>
<labelBounds x="244" y="296" width="33" height="30"/>
<noBackgroundColor>true</noBackgroundColor>
<noForegroundColor>true</noForegroundColor>
</sourceLabel>
<targetLabel class="oracle.dbtools.crest.model.design.Label">
<site>2</site>
<labelBounds x="196" y="283" width="52" height="30"/>
<noBackgroundColor>true</noBackgroundColor>
<noForegroundColor>true</noForegroundColor>
</targetLabel>
<points>
<point x="244" y="260"/>
<point x="196" y="319"/>
</points>
</Connector>
</connectors>
</Diagram>