<?xml version = '1.0' encoding = 'UTF-8'?>
<Table class="oracle.dbtools.crest.model.design.relational.Table" directorySegmentName="seg_0" id="48F86715-29C7-5D6A-A915-C1446A929874" name="Data_Programare">
<createdBy>ASUS</createdBy>
<createdTime>2024-10-27 15:33:57 UTC</createdTime>
<generatorID>2A5E437B-F3C3-5A08-8714-EDFCA7DCFCD2</generatorID>
<ownerDesignName>Proiect BDP-2</ownerDesignName>
<allowColumnReorder>false</allowColumnReorder>
<existDependencyGenerateInDDl>true</existDependencyGenerateInDDl>
<parsed>true</parsed>
<columns itemClass="oracle.dbtools.crest.model.design.relational.Column">
<Column name="ID_PROGRAMARE" id="05B42513-28D6-86EA-2F2B-D21C8FD68D1B">
<createdBy>ASUS</createdBy>
<createdTime>2024-10-27 15:33:57 UTC</createdTime>
<generatorID>4F513FE2-4BC6-018B-60D5-D549D4E9BCC8</generatorID>
<ownerDesignName>Proiect BDP-2</ownerDesignName>
<useDomainConstraints>false</useDomainConstraints>
<use>1</use>
<logicalDatatype>LOGDT019</logicalDatatype>
<dataTypePrecision>4</dataTypePrecision>
<ownDataTypeParameters>,4,</ownDataTypeParameters>
<autoIncrementCycle>false</autoIncrementCycle>
</Column>
<Column name="Data_Programare" id="DCA1F719-BE04-3407-81AF-8F9D1F7C33A1">
<createdBy>ASUS</createdBy>
<createdTime>2024-10-27 15:33:57 UTC</createdTime>
<generatorID>355E42A3-2618-AA7C-B577-681345853A23</generatorID>
<ownerDesignName>Proiect BDP-2</ownerDesignName>
<useDomainConstraints>false</useDomainConstraints>
<use>1</use>
<logicalDatatype>LOGDT007</logicalDatatype>
<ownDataTypeParameters>,,</ownDataTypeParameters>
<autoIncrementCycle>false</autoIncrementCycle>
</Column>
</columns>
<indexes itemClass="oracle.dbtools.crest.model.design.relational.Index">
<ind_PK_UK id="85247F9A-A90F-5155-B02B-1E54D1E8F211" name="Data_Programare_PK">
<createdBy>ASUS</createdBy>
<createdTime>2024-10-27 15:33:57 UTC</createdTime>
<generatorID>38081743-14B2-D5F6-9A23-BC293F15E32F</generatorID>
<ownerDesignName>Proiect BDP-2</ownerDesignName>
<pk>true</pk>
<indexState>Primary Constraint</indexState>
<isSurrogateKey>false</isSurrogateKey>
<indexColumnUsage>
<colUsage columnID="05B42513-28D6-86EA-2F2B-D21C8FD68D1B"/>
</indexColumnUsage>
</ind_PK_UK>
</indexes>
</Table>