<?xml version = '1.0' encoding = 'UTF-8'?>
<Entity class="oracle.dbtools.crest.model.design.logical.Entity" directorySegmentName="seg_0" id="489C25AD-3206-24B2-946B-84A13BB0207B" name="Mecanic">
<createdBy>ASUS</createdBy>
<createdTime>2024-10-27 15:33:01 UTC</createdTime>
<ownerDesignName>BD-P3</ownerDesignName>
<engineerTo>
<item key="3358DBAE-B428-37CF-75BF-2FE1BBEC4C02" value="true"/>
</engineerTo>
<adequatelyNormalized>NO</adequatelyNormalized>
<expectedVolumes>0</expectedVolumes>
<fwdEngineeringStrategyName>Single Table</fwdEngineeringStrategyName>
<growthPercent>0</growthPercent>
<growthType>Year</growthType>
<maxVolumes>9999999</maxVolumes>
<minVolumes>0</minVolumes>
<normalForm>Third</normalForm>
<attributes itemClass="oracle.dbtools.crest.model.design.logical.Attribute">
<Attribute name="ID_MECANIC" id="C17E9FB1-2155-5E8C-7C78-4407CC8001BE">
<createdBy>ASUS</createdBy>
<createdTime>2024-10-27 15:33:06 UTC</createdTime>
<ownerDesignName>BD-P3</ownerDesignName>
<engineerTo>
<item key="3358DBAE-B428-37CF-75BF-2FE1BBEC4C02" value="true"/>
</engineerTo>
<constraintName>Mecanic_IDmecanic_CK</constraintName>
<useDomainConstraints>false</useDomainConstraints>
<use>1</use>
<logicalDatatype>LOGDT019</logicalDatatype>
<dataTypePrecision>2</dataTypePrecision>
<ownDataTypeParameters>,2,</ownDataTypeParameters>
</Attribute>
<Attribute name="Rating_Mecanic" id="55B11A1C-45B8-1233-3A0F-87C0DBEE2025">
<createdBy>ASUS</createdBy>
<createdTime>2024-10-27 15:33:23 UTC</createdTime>
<ownerDesignName>BD-P3</ownerDesignName>
<engineerTo>
<item key="3358DBAE-B428-37CF-75BF-2FE1BBEC4C02" value="true"/>
</engineerTo>
<constraintName>Mecanic_RatingMecanic_CK</constraintName>
<nullsAllowed>true</nullsAllowed>
<useDomainConstraints>false</useDomainConstraints>
<use>1</use>
<logicalDatatype>LOGDT019</logicalDatatype>
<dataTypePrecision>2</dataTypePrecision>
<ownDataTypeParameters>,2,</ownDataTypeParameters>
<listOfRanges>
<rangeDef class="oracle.dbtools.crest.model.design.constraint.AVT">
<beginValue>1</beginValue>
<endValue>10</endValue>
<description>Rating mecanic</description>
</rangeDef>
</listOfRanges>
</Attribute>
<Attribute name="ID_MASINA" id="834158D7-3512-3A94-89FF-5E5AE63268F6">
<createdBy>ASUS</createdBy>
<createdTime>2024-11-10 18:45:36 UTC</createdTime>
<generatorID>2626B428-EEA4-D140-60EE-1DE790E1E37B</generatorID>
<ownerDesignName>BD-P3</ownerDesignName>
<engineerTo>
<item key="3358DBAE-B428-37CF-75BF-2FE1BBEC4C02" value="true"/>
</engineerTo>
<referedAttribute>A5B8AD86-C8F0-C5A4-B7EE-B9C1D07A5776</referedAttribute>
<useDomainConstraints>false</useDomainConstraints>
<use>1</use>
<logicalDatatype>LOGDT019</logicalDatatype>
<dataTypePrecision>4</dataTypePrecision>
<ownDataTypeParameters>,,</ownDataTypeParameters>
</Attribute>
</attributes>
<identifiers itemClass="oracle.dbtools.crest.model.design.logical.CandidateKey">
<identifier id="CC704CE3-C939-C257-EE71-C48D66754614" name="Mecanic PK">
<createdBy>ASUS</createdBy>
<createdTime>2024-10-27 15:33:15 UTC</createdTime>
<ownerDesignName>BD-P3</ownerDesignName>
<shouldEngineer>false</shouldEngineer>
<engineerTo>
<item key="3358DBAE-B428-37CF-75BF-2FE1BBEC4C02" value="false"/>
</engineerTo>
<pk>true</pk>
<usedAttributes>
<attributeRef>C17E9FB1-2155-5E8C-7C78-4407CC8001BE</attributeRef>
</usedAttributes>
</identifier>
</identifiers>
</Entity>