<?xml version = '1.0' encoding = 'UTF-8'?>
<Entity class="oracle.dbtools.crest.model.design.logical.Entity" directorySegmentName="seg_0" id="5EE87ADA-33F7-8B76-0A52-5E1689B2BBBC" name="Masina">
<createdBy>ASUS</createdBy>
<createdTime>2024-10-27 15:26:23 UTC</createdTime>
<ownerDesignName>BD-P3</ownerDesignName>
<engineerTo>
<item key="3358DBAE-B428-37CF-75BF-2FE1BBEC4C02" value="true"/>
</engineerTo>
<adequatelyNormalized>NO</adequatelyNormalized>
<expectedVolumes>0</expectedVolumes>
<fwdEngineeringStrategyName>Single Table</fwdEngineeringStrategyName>
<growthPercent>0</growthPercent>
<growthType>Year</growthType>
<maxVolumes>9999999</maxVolumes>
<minVolumes>0</minVolumes>
<normalForm>Third</normalForm>
<attributes itemClass="oracle.dbtools.crest.model.design.logical.Attribute">
<Attribute name="ID_MASINA" id="A5B8AD86-C8F0-C5A4-B7EE-B9C1D07A5776">
<createdBy>ASUS</createdBy>
<createdTime>2024-10-27 15:26:29 UTC</createdTime>
<ownerDesignName>BD-P3</ownerDesignName>
<engineerTo>
<item key="3358DBAE-B428-37CF-75BF-2FE1BBEC4C02" value="true"/>
</engineerTo>
<constraintName>Masina_IDmasina_CK</constraintName>
<useDomainConstraints>false</useDomainConstraints>
<use>1</use>
<logicalDatatype>LOGDT019</logicalDatatype>
<dataTypePrecision>4</dataTypePrecision>
<ownDataTypeParameters>,4,</ownDataTypeParameters>
</Attribute>
<Attribute name="Marca_Auto" id="C650F480-8D59-F56D-9938-252347D56A4F">
<createdBy>ASUS</createdBy>
<createdTime>2024-10-27 15:26:40 UTC</createdTime>
<ownerDesignName>BD-P3</ownerDesignName>
<engineerTo>
<item key="3358DBAE-B428-37CF-75BF-2FE1BBEC4C02" value="true"/>
</engineerTo>
<constraintName>Masina_Marca_CK</constraintName>
<useDomainConstraints>false</useDomainConstraints>
<use>1</use>
<logicalDatatype>LOGDT024</logicalDatatype>
<dataTypeSize>20</dataTypeSize>
<ownDataTypeParameters>20,,</ownDataTypeParameters>
</Attribute>
<Attribute name="Model_Auto" id="7B93B754-C45B-405C-1261-4AAC4D2ABF47">
<createdBy>ASUS</createdBy>
<createdTime>2024-10-27 15:26:57 UTC</createdTime>
<ownerDesignName>BD-P3</ownerDesignName>
<engineerTo>
<item key="3358DBAE-B428-37CF-75BF-2FE1BBEC4C02" value="true"/>
</engineerTo>
<constraintName>Masina_Model_CK</constraintName>
<useDomainConstraints>false</useDomainConstraints>
<use>1</use>
<logicalDatatype>LOGDT024</logicalDatatype>
<dataTypeSize>20</dataTypeSize>
<ownDataTypeParameters>20,,</ownDataTypeParameters>
</Attribute>
<Attribute name="Data_Intrare_Masina_Service" id="21144AFD-5429-8991-5A5F-2185389DEC4C">
<createdBy>ASUS</createdBy>
<createdTime>2024-10-27 15:27:20 UTC</createdTime>
<ownerDesignName>BD-P3</ownerDesignName>
<engineerTo>
<item key="3358DBAE-B428-37CF-75BF-2FE1BBEC4C02" value="true"/>
</engineerTo>
<constraintName>Masina_DataIntrareService_CK</constraintName>
<useDomainConstraints>false</useDomainConstraints>
<use>1</use>
<logicalDatatype>LOGDT007</logicalDatatype>
<ownDataTypeParameters>,,</ownDataTypeParameters>
</Attribute>
<Attribute name="ID_CLIENT" id="754708A3-E68E-EF91-D99A-855D4766C3B1">
<createdBy>ASUS</createdBy>
<createdTime>2024-11-10 18:38:21 UTC</createdTime>
<generatorID>269103D9-0B91-BC17-E9C1-A52144555E99</generatorID>
<ownerDesignName>BD-P3</ownerDesignName>
<engineerTo>
<item key="3358DBAE-B428-37CF-75BF-2FE1BBEC4C02" value="true"/>
</engineerTo>
<referedAttribute>A8F565F7-FF66-96CB-ED50-067DD52EBEBE</referedAttribute>
<useDomainConstraints>false</useDomainConstraints>
<use>1</use>
<logicalDatatype>LOGDT019</logicalDatatype>
<dataTypePrecision>4</dataTypePrecision>
<ownDataTypeParameters>,,</ownDataTypeParameters>
</Attribute>
</attributes>
<identifiers itemClass="oracle.dbtools.crest.model.design.logical.CandidateKey">
<identifier id="123E3E05-5944-3B17-3363-BBD3BAA099F7" name="Masina PK">
<createdBy>ASUS</createdBy>
<createdTime>2024-10-27 15:26:39 UTC</createdTime>
<ownerDesignName>BD-P3</ownerDesignName>
<shouldEngineer>false</shouldEngineer>
<engineerTo>
<item key="3358DBAE-B428-37CF-75BF-2FE1BBEC4C02" value="false"/>
</engineerTo>
<pk>true</pk>
<usedAttributes>
<attributeRef>A5B8AD86-C8F0-C5A4-B7EE-B9C1D07A5776</attributeRef>
</usedAttributes>
</identifier>
</identifiers>
</Entity>