<?xml version = '1.0' encoding = 'UTF-8'?>
<Entity class="oracle.dbtools.crest.model.design.logical.Entity" directorySegmentName="seg_0" id="B3AF257E-55D8-C289-CC43-5CBF06F051A0" name="Problema">
<createdBy>ASUS</createdBy>
<createdTime>2024-10-27 15:28:15 UTC</createdTime>
<ownerDesignName>BD-P3</ownerDesignName>
<engineerTo>
<item key="3358DBAE-B428-37CF-75BF-2FE1BBEC4C02" value="true"/>
</engineerTo>
<adequatelyNormalized>NO</adequatelyNormalized>
<expectedVolumes>0</expectedVolumes>
<fwdEngineeringStrategyName>Single Table</fwdEngineeringStrategyName>
<growthPercent>0</growthPercent>
<growthType>Year</growthType>
<maxVolumes>9999999</maxVolumes>
<minVolumes>0</minVolumes>
<normalForm>Third</normalForm>
<attributes itemClass="oracle.dbtools.crest.model.design.logical.Attribute">
<Attribute name="ID_PROBLEMA" id="038B35B2-5BA5-94D0-A9DE-E89FC512122A">
<createdBy>ASUS</createdBy>
<createdTime>2024-10-27 15:28:21 UTC</createdTime>
<ownerDesignName>BD-P3</ownerDesignName>
<engineerTo>
<item key="3358DBAE-B428-37CF-75BF-2FE1BBEC4C02" value="true"/>
</engineerTo>
<constraintName>Problema_IDproblema_CK</constraintName>
<useDomainConstraints>false</useDomainConstraints>
<use>1</use>
<logicalDatatype>LOGDT019</logicalDatatype>
<dataTypePrecision>2</dataTypePrecision>
<ownDataTypeParameters>,2,</ownDataTypeParameters>
</Attribute>
<Attribute name="Cost" id="F2ACFC15-3FF7-0787-489F-96BB55AE5286">
<createdBy>ASUS</createdBy>
<createdTime>2024-10-27 15:29:47 UTC</createdTime>
<ownerDesignName>BD-P3</ownerDesignName>
<engineerTo>
<item key="3358DBAE-B428-37CF-75BF-2FE1BBEC4C02" value="true"/>
</engineerTo>
<constraintName>Problema_Cost_CK</constraintName>
<useDomainConstraints>false</useDomainConstraints>
<use>1</use>
<logicalDatatype>LOGDT019</logicalDatatype>
<dataTypePrecision>4</dataTypePrecision>
<ownDataTypeParameters>,4,</ownDataTypeParameters>
<listOfRanges>
<rangeDef class="oracle.dbtools.crest.model.design.constraint.AVT">
<beginValue>0</beginValue>
<endValue>9999</endValue>
<description>Cost reparatie</description>
</rangeDef>
</listOfRanges>
</Attribute>
<Attribute name="Problema" id="1F767750-46BC-34E5-DB8D-F10441308355">
<createdBy>ASUS</createdBy>
<createdTime>2024-10-27 15:28:42 UTC</createdTime>
<ownerDesignName>BD-P3</ownerDesignName>
<engineerTo>
<item key="3358DBAE-B428-37CF-75BF-2FE1BBEC4C02" value="true"/>
</engineerTo>
<constraintName>Problema_Problema_CK</constraintName>
<useDomainConstraints>false</useDomainConstraints>
<use>1</use>
<logicalDatatype>LOGDT024</logicalDatatype>
<dataTypeSize>100</dataTypeSize>
<ownDataTypeParameters>100,,</ownDataTypeParameters>
</Attribute>
<Attribute name="Termen_Finalizare_Problema" id="2EDEA2DC-7800-2872-FDBF-2E6E7ED09507">
<createdBy>ASUS</createdBy>
<createdTime>2024-10-27 15:28:58 UTC</createdTime>
<ownerDesignName>BD-P3</ownerDesignName>
<engineerTo>
<item key="3358DBAE-B428-37CF-75BF-2FE1BBEC4C02" value="true"/>
</engineerTo>
<constraintName>Problema_TermenFinalizare_CK</constraintName>
<useDomainConstraints>false</useDomainConstraints>
<use>1</use>
<logicalDatatype>LOGDT007</logicalDatatype>
<ownDataTypeParameters>,,</ownDataTypeParameters>
</Attribute>
<Attribute name="ID_MASINA" id="51779690-84EF-FFD3-1555-38AAFF40070E">
<createdBy>ASUS</createdBy>
<createdTime>2024-11-10 18:44:53 UTC</createdTime>
<generatorID>5E4B2D3A-BEE5-B5F5-0365-8905D1E755ED</generatorID>
<ownerDesignName>BD-P3</ownerDesignName>
<engineerTo>
<item key="3358DBAE-B428-37CF-75BF-2FE1BBEC4C02" value="true"/>
</engineerTo>
<referedAttribute>A5B8AD86-C8F0-C5A4-B7EE-B9C1D07A5776</referedAttribute>
<useDomainConstraints>false</useDomainConstraints>
<use>1</use>
<logicalDatatype>LOGDT019</logicalDatatype>
<dataTypePrecision>4</dataTypePrecision>
<ownDataTypeParameters>,,</ownDataTypeParameters>
</Attribute>
</attributes>
<identifiers itemClass="oracle.dbtools.crest.model.design.logical.CandidateKey">
<identifier id="978AFA69-D828-35D9-DB4F-2B66F273AB80" name="Problema PK">
<createdBy>ASUS</createdBy>
<createdTime>2024-10-27 15:28:37 UTC</createdTime>
<ownerDesignName>BD-P3</ownerDesignName>
<shouldEngineer>false</shouldEngineer>
<engineerTo>
<item key="3358DBAE-B428-37CF-75BF-2FE1BBEC4C02" value="false"/>
</engineerTo>
<pk>true</pk>
<usedAttributes>
<attributeRef>038B35B2-5BA5-94D0-A9DE-E89FC512122A</attributeRef>
</usedAttributes>
</identifier>
</identifiers>
</Entity>