<?xml version = '1.0' encoding = 'UTF-8'?>
<Relation class="oracle.dbtools.crest.model.design.logical.Relation" name="Masina_Problema_FK" directorySegmentName="seg_0" id="5E4B2D3A-BEE5-B5F5-0365-8905D1E755ED">
<createdBy>ASUS</createdBy>
<createdTime>2024-11-10 18:44:53 UTC</createdTime>
<ownerDesignName>BD-P3</ownerDesignName>
<engineerTo>
<item key="3358DBAE-B428-37CF-75BF-2FE1BBEC4C02" value="true"/>
</engineerTo>
<sourcePk>123E3E05-5944-3B17-3363-BBD3BAA099F7</sourcePk>
<identifying>false</identifying>
<nameOnSource>are</nameOnSource>
<nameOnTarget>este a</nameOnTarget>
<optionalSource>true</optionalSource>
<optionalTarget>false</optionalTarget>
<sourceCardinality>1</sourceCardinality>
<sourceEntity>5EE87ADA-33F7-8B76-0A52-5E1689B2BBBC</sourceEntity>
<targetCardinalityString>*</targetCardinalityString>
<targetEntity>B3AF257E-55D8-C289-CC43-5CBF06F051A0</targetEntity>
<transferable>true</transferable>
<deleteRule>NO ACTION</deleteRule>
</Relation>