<?xml version = '1.0' encoding = 'UTF-8'?>
<Relation class="oracle.dbtools.crest.model.design.logical.Relation" name="Client_DetaliiClient_FK" directorySegmentName="seg_0" id="922F5909-A485-ECDC-09CB-CF930E7973E6">
<createdBy>ASUS</createdBy>
<createdTime>2024-11-10 18:54:39 UTC</createdTime>
<ownerDesignName>BD-P3</ownerDesignName>
<engineerTo>
<item key="3358DBAE-B428-37CF-75BF-2FE1BBEC4C02" value="true"/>
</engineerTo>
<sourcePk>829A3282-D17B-D673-FE07-E088F1C40D1F</sourcePk>
<identifying>false</identifying>
<nameOnSource>are </nameOnSource>
<nameOnTarget>sunt ale</nameOnTarget>
<optionalSource>true</optionalSource>
<optionalTarget>false</optionalTarget>
<sourceCardinality>1</sourceCardinality>
<sourceEntity>5B1848AB-64C8-4709-CC66-F58DB5E1DC5A</sourceEntity>
<targetCardinalityString>1</targetCardinalityString>
<targetEntity>A79F944D-C44F-E658-9ADE-10B84B8E4301</targetEntity>
<transferable>true</transferable>
<deleteRule>NO ACTION</deleteRule>
</Relation>