<?xml version = '1.0' encoding = 'UTF-8'?>
<Diagram class="oracle.dbtools.crest.swingui.logical.DPVLogical" name="Logical" id="427653C8-964B-DDAA-DEBE-CF1182673FB1">
<createdBy>ASUS</createdBy>
<modifiedBy>ASUS</modifiedBy>
<createdTime>2024-10-27 15:24:51 UTC</createdTime>
<autoRoute>false</autoRoute>
<boxInbox>true</boxInbox>
<showLegend>false</showLegend>
<showLabels>false</showLabels>
<showRelAttributes>false</showRelAttributes>
<gridEnabled>false</gridEnabled>
<showGrid>false</showGrid>
<diagramColor>-1</diagramColor>
<display>false</display>
<notation>1</notation>
<objectViews>
<OView class="oracle.dbtools.crest.swingui.logical.TVEntity" oid="2A5E437B-F3C3-5A08-8714-EDFCA7DCFCD2" otype="Entity" vid="35B74E2F-BE0A-9A37-8131-880547D68243">
<hideElementsInCurrentOnly>false</hideElementsInCurrentOnly>
<bounds x="50" y="378" width="154" height="125"/>
</OView>
<OView class="oracle.dbtools.crest.swingui.logical.TVEntity" oid="489C25AD-3206-24B2-946B-84A13BB0207B" otype="Entity" vid="E48F99B3-4BDF-F2FA-293F-46618A731086">
<hideElementsInCurrentOnly>false</hideElementsInCurrentOnly>
<bounds x="365" y="387" width="168" height="124"/>
</OView>
<OView class="oracle.dbtools.crest.swingui.logical.TVEntity" oid="5B1848AB-64C8-4709-CC66-F58DB5E1DC5A" otype="Entity" vid="BF87BFE9-5971-77F5-9C77-A432BA9C3D60">
<hideElementsInCurrentOnly>false</hideElementsInCurrentOnly>
<bounds x="45" y="19" width="182" height="141"/>
</OView>
<OView class="oracle.dbtools.crest.swingui.logical.TVEntity" oid="5EE87ADA-33F7-8B76-0A52-5E1689B2BBBC" otype="Entity" vid="60F0777B-9C89-207A-B463-F0E2D805DC21">
<hideElementsInCurrentOnly>false</hideElementsInCurrentOnly>
<bounds x="342" y="20" width="179" height="132"/>
</OView>
<OView class="oracle.dbtools.crest.swingui.logical.TVEntity" oid="B3AF257E-55D8-C289-CC43-5CBF06F051A0" otype="Entity" vid="36180CDD-6630-FE38-213C-7E798D4AB26B">
<hideElementsInCurrentOnly>false</hideElementsInCurrentOnly>
<bounds x="207" y="213" width="180" height="122"/>
</OView>
</objectViews>
</Diagram>